,ghi,dni,cloud_state,temp
2014-08-24 20:00:00-07:00,0.0,0.0,0.0,24.5
2014-08-24 21:00:00-07:00,0.0,0.0,0.0,23.5
2014-08-24 22:00:00-07:00,0.0,0.0,1.0,21.5
2014-08-24 23:00:00-07:00,0.0,0.0,1.0,19.5
2014-08-25 00:00:00-07:00,0.0,0.0,1.0,18.5
2014-08-25 01:00:00-07:00,0.0,0.0,0.0,16.5
2014-08-25 02:00:00-07:00,0.0,0.0,1.0,15.5
2014-08-25 03:00:00-07:00,0.0,0.0,0.0,15.5
2014-08-25 04:00:00-07:00,0.0,0.0,0.0,14.5
2014-08-25 05:00:00-07:00,0.0,0.0,0.0,13.5
2014-08-25 06:00:00-07:00,0.0,0.0,1.0,14.5
2014-08-25 07:00:00-07:00,91.0,392.0,1.0,16.5
2014-08-25 08:00:00-07:00,262.0,634.0,0.0,19.5
2014-08-25 09:00:00-07:00,440.0,757.0,0.0,21.5
2014-08-25 10:00:00-07:00,600.0,829.0,0.0,23.5
2014-08-25 11:00:00-07:00,728.0,882.0,0.0,25.5
2014-08-25 12:00:00-07:00,808.0,903.0,0.0,26.5
2014-08-25 13:00:00-07:00,834.0,905.0,1.0,27.5
2014-08-25 14:00:00-07:00,801.0,878.0,1.0,27.5
2014-08-25 15:00:00-07:00,719.0,853.0,1.0,26.5
2014-08-25 16:00:00-07:00,297.0,82.09999999999998,4.0,26.5
2014-08-25 17:00:00-07:00,130.50000000000003,0.0,8.0,25.5
2014-08-25 18:00:00-07:00,25.599999999999994,0.0,4.0,24.5
2014-08-25 19:00:00-07:00,68.8,194.0,6.0,22.5
2014-08-25 20:00:00-07:00,0.0,0.0,8.0,21.5
2014-08-25 21:00:00-07:00,0.0,0.0,7.0,20.5
2014-08-25 22:00:00-07:00,0.0,0.0,6.0,19.5
2014-08-25 23:00:00-07:00,0.0,0.0,9.0,18.5
2014-08-26 00:00:00-07:00,0.0,0.0,6.0,17.5
2014-08-26 01:00:00-07:00,0.0,0.0,8.0,17.5
2014-08-26 02:00:00-07:00,0.0,0.0,8.0,17.5
2014-08-26 03:00:00-07:00,0.0,0.0,1.0,17.5
2014-08-26 04:00:00-07:00,0.0,0.0,1.0,16.5
2014-08-26 05:00:00-07:00,0.0,0.0,0.0,16.5
2014-08-26 06:00:00-07:00,0.0,0.0,0.0,16.5
2014-08-26 07:00:00-07:00,86.0,365.0,0.0,18.5
2014-08-26 08:00:00-07:00,255.0,611.0,0.0,21.5
2014-08-26 09:00:00-07:00,431.0,739.0,0.0,24.5
2014-08-26 10:00:00-07:00,591.0,813.0,0.0,27.5
2014-08-26 11:00:00-07:00,722.0,882.0,0.0,29.5
2014-08-26 12:00:00-07:00,802.0,905.0,0.0,30.5
2014-08-26 13:00:00-07:00,830.0,915.0,0.0,31.5
2014-08-26 14:00:00-07:00,803.0,911.0,0.0,32.5
2014-08-26 15:00:00-07:00,723.0,893.0,0.0,32.5
2014-08-26 16:00:00-07:00,538.2,599.9,8.0,32.5
2014-08-26 17:00:00-07:00,349.6,317.20000000000005,8.0,30.5
2014-08-26 18:00:00-07:00,180.6,202.80000000000004,8.0,28.5
2014-08-26 19:00:00-07:00,76.5,301.7,8.0,26.5
2014-08-26 20:00:00-07:00,0.0,0.0,0.0,19.5
2014-08-26 21:00:00-07:00,0.0,0.0,0.0,18.5
2014-08-26 22:00:00-07:00,0.0,0.0,0.0,17.5
2014-08-26 23:00:00-07:00,0.0,0.0,1.0,17.5
2014-08-27 00:00:00-07:00,0.0,0.0,7.0,16.5
2014-08-27 01:00:00-07:00,0.0,0.0,7.0,16.5
2014-08-27 02:00:00-07:00,0.0,0.0,7.0,16.5
2014-08-27 03:00:00-07:00,0.0,0.0,7.0,16.5
2014-08-27 04:00:00-07:00,0.0,0.0,7.0,16.5
2014-08-27 05:00:00-07:00,0.0,0.0,1.0,16.5
2014-08-27 06:00:00-07:00,0.0,0.0,7.0,16.5
2014-08-27 07:00:00-07:00,42.5,39.099999999999994,4.0,16.5
2014-08-27 08:00:00-07:00,252.0,567.0,0.0,16.5
2014-08-27 09:00:00-07:00,427.0,675.0,0.0,18.5
2014-08-27 10:00:00-07:00,526.5,736.2,0.0,21.5
2014-08-27 11:00:00-07:00,638.1,688.8000000000001,0.0,23.5
2014-08-27 12:00:00-07:00,787.0,883.0,0.0,24.5
2014-08-27 13:00:00-07:00,814.0,890.0,0.0,25.5
2014-08-27 14:00:00-07:00,787.0,885.0,0.0,25.5
2014-08-27 15:00:00-07:00,706.0,862.0,0.0,25.5
2014-08-27 16:00:00-07:00,580.0,818.0,0.0,24.5
2014-08-27 17:00:00-07:00,378.90000000000003,596.8000000000001,7.0,23.5
2014-08-27 18:00:00-07:00,195.20000000000002,372.0,8.0,22.5
2014-08-27 19:00:00-07:00,77.0,328.5,7.0,20.5
2014-08-27 20:00:00-07:00,0.0,0.0,7.0,18.5
2014-08-27 21:00:00-07:00,0.0,0.0,7.0,17.5
2014-08-27 22:00:00-07:00,0.0,0.0,7.0,16.5
2014-08-27 23:00:00-07:00,0.0,0.0,7.0,16.5
2014-08-28 00:00:00-07:00,0.0,0.0,7.0,16.5
2014-08-28 01:00:00-07:00,0.0,0.0,8.0,15.5
2014-08-28 02:00:00-07:00,0.0,0.0,8.0,14.5
2014-08-28 03:00:00-07:00,0.0,0.0,0.0,13.5
2014-08-28 04:00:00-07:00,0.0,0.0,0.0,13.5
2014-08-28 05:00:00-07:00,0.0,0.0,0.0,13.5
2014-08-28 06:00:00-07:00,0.0,0.0,0.0,13.5
2014-08-28 07:00:00-07:00,83.0,380.0,0.0,15.5
2014-08-28 08:00:00-07:00,254.0,639.0,0.0,18.5
2014-08-28 09:00:00-07:00,432.0,765.0,0.0,20.5
2014-08-28 10:00:00-07:00,591.0,834.0,0.0,22.5
2014-08-28 11:00:00-07:00,718.0,883.0,0.0,24.5
2014-08-28 12:00:00-07:00,637.6,454.0,7.0,26.5
2014-08-28 13:00:00-07:00,576.8,274.20000000000005,7.0,28.5
2014-08-28 14:00:00-07:00,796.0,908.0,1.0,29.5
2014-08-28 15:00:00-07:00,716.0,888.0,1.0,29.5
2014-08-28 16:00:00-07:00,588.0,848.0,0.0,29.5
2014-08-28 17:00:00-07:00,425.0,776.0,0.0,29.5
2014-08-28 18:00:00-07:00,244.0,642.0,0.0,28.5
2014-08-28 19:00:00-07:00,73.0,354.0,0.0,26.5
2014-08-28 20:00:00-07:00,0.0,0.0,0.0,24.5
2014-08-28 21:00:00-07:00,0.0,0.0,0.0,23.5
2014-08-28 22:00:00-07:00,0.0,0.0,0.0,21.5
2014-08-28 23:00:00-07:00,0.0,0.0,0.0,20.5
2014-08-29 00:00:00-07:00,0.0,0.0,0.0,19.5
2014-08-29 01:00:00-07:00,0.0,0.0,0.0,17.5
2014-08-29 02:00:00-07:00,0.0,0.0,0.0,16.5
2014-08-29 03:00:00-07:00,0.0,0.0,0.0,15.5
2014-08-29 04:00:00-07:00,0.0,0.0,0.0,14.5
2014-08-29 05:00:00-07:00,0.0,0.0,0.0,14.5
2014-08-29 06:00:00-07:00,0.0,0.0,0.0,14.5
2014-08-29 07:00:00-07:00,80.0,382.0,1.0,16.5
2014-08-29 08:00:00-07:00,250.0,640.0,0.0,19.5
2014-08-29 09:00:00-07:00,427.0,762.0,0.0,21.5
2014-08-29 10:00:00-07:00,586.0,828.0,0.0,23.5
2014-08-29 11:00:00-07:00,711.0,873.0,0.0,24.5
2014-08-29 12:00:00-07:00,711.0,536.4,2.0,25.5
2014-08-29 13:00:00-07:00,734.4,541.1999999999999,2.0,26.5
2014-08-29 14:00:00-07:00,786.0,893.0,0.0,27.5
2014-08-29 15:00:00-07:00,705.0,870.0,0.0,28.5
2014-08-29 16:00:00-07:00,577.0,827.0,0.0,28.5
2014-08-29 17:00:00-07:00,412.0,730.0,0.0,27.5
2014-08-29 18:00:00-07:00,232.0,520.2,0.0,26.5
2014-08-29 19:00:00-07:00,66.0,291.0,0.0,23.5
2014-08-29 20:00:00-07:00,0.0,0.0,0.0,21.5
2014-08-29 21:00:00-07:00,0.0,0.0,0.0,20.5
2014-08-29 22:00:00-07:00,0.0,0.0,0.0,19.5
2014-08-29 23:00:00-07:00,0.0,0.0,0.0,18.5
2014-08-30 00:00:00-07:00,0.0,0.0,1.0,17.5
2014-08-30 01:00:00-07:00,0.0,0.0,0.0,17.5
2014-08-30 02:00:00-07:00,0.0,0.0,1.0,16.5
2014-08-30 03:00:00-07:00,0.0,0.0,0.0,16.5
2014-08-30 04:00:00-07:00,0.0,0.0,0.0,15.5
2014-08-30 05:00:00-07:00,0.0,0.0,0.0,15.5
2014-08-30 06:00:00-07:00,0.0,0.0,1.0,16.5
2014-08-30 07:00:00-07:00,78.0,389.0,0.0,18.5
2014-08-30 08:00:00-07:00,247.0,638.0,0.0,21.5
2014-08-30 09:00:00-07:00,422.0,746.0,0.0,24.5
2014-08-30 10:00:00-07:00,578.0,803.0,0.0,26.5
2014-08-30 11:00:00-07:00,697.0,822.0,0.0,28.5
2014-08-30 12:00:00-07:00,775.0,845.0,0.0,30.5
2014-08-30 13:00:00-07:00,799.0,852.0,0.0,31.5
2014-08-30 14:00:00-07:00,769.0,849.0,0.0,32.5
2014-08-30 15:00:00-07:00,688.0,827.0,0.0,33.5
2014-08-30 16:00:00-07:00,561.0,784.0,0.0,33.5
2014-08-30 17:00:00-07:00,402.0,713.0,0.0,33.5
2014-08-30 18:00:00-07:00,228.0,591.0,0.0,31.5
2014-08-30 19:00:00-07:00,63.0,317.0,0.0,28.5
2014-08-30 20:00:00-07:00,0.0,0.0,3.0,26.5
2014-08-30 21:00:00-07:00,0.0,0.0,1.0,24.5
2014-08-30 22:00:00-07:00,0.0,0.0,7.0,23.5
2014-08-30 23:00:00-07:00,0.0,0.0,7.0,22.5
2014-08-31 00:00:00-07:00,0.0,0.0,3.0,22.5
2014-08-31 01:00:00-07:00,0.0,0.0,3.0,21.5
2014-08-31 02:00:00-07:00,0.0,0.0,3.0,20.5
2014-08-31 03:00:00-07:00,0.0,0.0,4.0,19.5
2014-08-31 04:00:00-07:00,0.0,0.0,7.0,19.5
2014-08-31 05:00:00-07:00,0.0,0.0,1.0,18.5
2014-08-31 06:00:00-07:00,0.0,0.0,4.0,18.5
2014-08-31 07:00:00-07:00,76.0,378.0,4.0,20.5
2014-08-31 08:00:00-07:00,247.0,645.0,0.0,22.5
2014-08-31 09:00:00-07:00,426.0,774.0,0.0,25.5
2014-08-31 10:00:00-07:00,588.0,847.0,0.0,28.5
2014-08-31 11:00:00-07:00,714.0,892.0,0.0,31.5
2014-08-31 12:00:00-07:00,794.0,915.0,0.0,32.5
2014-08-31 13:00:00-07:00,820.0,924.0,0.0,34.5
2014-08-31 14:00:00-07:00,790.0,915.0,0.0,35.5
2014-08-31 15:00:00-07:00,706.0,889.0,0.0,35.5
2014-08-31 16:00:00-07:00,575.0,843.0,0.0,35.5
2014-08-31 17:00:00-07:00,410.0,764.0,0.0,35.5
2014-08-31 18:00:00-07:00,229.0,619.0,0.0,33.5
2014-08-31 19:00:00-07:00,61.0,315.0,0.0,30.5
2014-08-31 20:00:00-07:00,0.0,0.0,0.0,28.5
2014-08-31 21:00:00-07:00,0.0,0.0,7.0,27.5
2014-08-31 22:00:00-07:00,0.0,0.0,7.0,26.5
2014-08-31 23:00:00-07:00,0.0,0.0,7.0,26.5
2014-09-01 00:00:00-07:00,0.0,0.0,7.0,25.5
2014-09-01 01:00:00-07:00,0.0,0.0,1.0,12.5
2014-09-01 02:00:00-07:00,0.0,0.0,1.0,12.5
2014-09-01 03:00:00-07:00,0.0,0.0,1.0,12.5
2014-09-01 04:00:00-07:00,0.0,0.0,1.0,12.5
2014-09-01 05:00:00-07:00,0.0,0.0,0.0,11.5
2014-09-01 06:00:00-07:00,0.0,0.0,1.0,11.5
2014-09-01 07:00:00-07:00,73.0,375.0,1.0,13.5
2014-09-01 08:00:00-07:00,243.0,647.0,1.0,16.5
2014-09-01 09:00:00-07:00,423.0,777.0,0.0,19.5
2014-09-01 10:00:00-07:00,408.79999999999995,255.00000000000003,4.0,21.5
2014-09-01 11:00:00-07:00,568.0,356.8,2.0,24.5
2014-09-01 12:00:00-07:00,631.2,365.6,3.0,25.5
2014-09-01 13:00:00-07:00,652.8000000000001,368.8,4.0,26.5
2014-09-01 14:00:00-07:00,629.6,366.0,3.0,27.5
2014-09-01 15:00:00-07:00,562.4,357.20000000000005,4.0,27.5
2014-09-01 16:00:00-07:00,458.40000000000003,425.5,2.0,27.5
2014-09-01 17:00:00-07:00,409.0,780.0,1.0,27.5
2014-09-01 18:00:00-07:00,228.0,648.0,0.0,24.5
2014-09-01 19:00:00-07:00,59.0,356.0,0.0,22.5
2014-09-01 20:00:00-07:00,0.0,0.0,0.0,20.5
2014-09-01 21:00:00-07:00,0.0,0.0,0.0,19.5
2014-09-01 22:00:00-07:00,0.0,0.0,0.0,18.5
2014-09-01 23:00:00-07:00,0.0,0.0,0.0,17.5
2014-09-02 00:00:00-07:00,0.0,0.0,0.0,16.5
2014-09-02 01:00:00-07:00,0.0,0.0,4.0,16.5
2014-09-02 02:00:00-07:00,0.0,0.0,7.0,16.5
2014-09-02 03:00:00-07:00,0.0,0.0,4.0,15.5
2014-09-02 04:00:00-07:00,0.0,0.0,4.0,14.5
2014-09-02 05:00:00-07:00,0.0,0.0,4.0,14.5
2014-09-02 06:00:00-07:00,0.0,0.0,7.0,13.5
2014-09-02 07:00:00-07:00,6.999999999999998,0.0,7.0,14.5
2014-09-02 08:00:00-07:00,23.999999999999993,0.0,6.0,16.5
2014-09-02 09:00:00-07:00,167.20000000000002,0.0,6.0,19.5
2014-09-02 10:00:00-07:00,289.0,84.49999999999999,7.0,22.5
2014-09-02 11:00:00-07:00,351.0,88.69999999999997,7.0,24.5
2014-09-02 12:00:00-07:00,624.0,454.0,8.0,25.5
2014-09-02 13:00:00-07:00,644.0,458.5,8.0,26.5
2014-09-02 14:00:00-07:00,620.0,547.1999999999999,8.0,27.5
2014-09-02 15:00:00-07:00,553.6,356.8,8.0,28.5
2014-09-02 16:00:00-07:00,507.6,597.0999999999999,8.0,28.5
2014-09-02 17:00:00-07:00,361.8,625.6,8.0,27.5
2014-09-02 18:00:00-07:00,177.60000000000002,258.0,3.0,23.5
2014-09-02 19:00:00-07:00,54.0,339.0,0.0,29.5
2014-09-02 20:00:00-07:00,0.0,0.0,0.0,28.5
2014-09-02 21:00:00-07:00,0.0,0.0,0.0,27.5
2014-09-02 22:00:00-07:00,0.0,0.0,0.0,26.5
2014-09-02 23:00:00-07:00,0.0,0.0,0.0,24.5
2014-09-03 00:00:00-07:00,0.0,0.0,1.0,23.5
2014-09-03 01:00:00-07:00,0.0,0.0,1.0,22.5
2014-09-03 02:00:00-07:00,0.0,0.0,0.0,21.5
2014-09-03 03:00:00-07:00,0.0,0.0,0.0,19.5
2014-09-03 04:00:00-07:00,0.0,0.0,0.0,18.5
2014-09-03 05:00:00-07:00,0.0,0.0,0.0,18.5
2014-09-03 06:00:00-07:00,0.0,0.0,0.0,17.5
2014-09-03 07:00:00-07:00,69.0,397.0,0.0,19.5
2014-09-03 08:00:00-07:00,241.0,676.0,0.0,21.5
2014-09-03 09:00:00-07:00,423.0,806.0,0.0,25.5
2014-09-03 10:00:00-07:00,585.0,876.0,0.0,27.5
2014-09-03 11:00:00-07:00,709.0,908.0,0.0,30.5
2014-09-03 12:00:00-07:00,788.0,928.0,1.0,32.5
2014-09-03 13:00:00-07:00,811.0,933.0,0.0,33.5
2014-09-03 14:00:00-07:00,776.0,905.0,0.0,34.5
2014-09-03 15:00:00-07:00,689.0,875.0,0.0,34.5
2014-09-03 16:00:00-07:00,557.0,830.0,0.0,34.5
2014-09-03 17:00:00-07:00,392.0,751.0,0.0,33.5
2014-09-03 18:00:00-07:00,212.0,608.0,1.0,30.5
2014-09-03 19:00:00-07:00,49.0,297.0,1.0,27.5
2014-09-03 20:00:00-07:00,0.0,0.0,0.0,25.5
2014-09-03 21:00:00-07:00,0.0,0.0,0.0,24.5
2014-09-03 22:00:00-07:00,0.0,0.0,0.0,23.5
2014-09-03 23:00:00-07:00,0.0,0.0,0.0,22.5
2014-09-04 00:00:00-07:00,0.0,0.0,0.0,21.5
2014-09-04 01:00:00-07:00,0.0,0.0,0.0,20.5
2014-09-04 02:00:00-07:00,0.0,0.0,0.0,19.5
2014-09-04 03:00:00-07:00,0.0,0.0,1.0,18.5
2014-09-04 04:00:00-07:00,0.0,0.0,3.0,17.5
2014-09-04 05:00:00-07:00,0.0,0.0,1.0,16.5
2014-09-04 06:00:00-07:00,0.0,0.0,1.0,15.5
2014-09-04 07:00:00-07:00,65.0,356.0,1.0,16.5
2014-09-04 08:00:00-07:00,188.0,320.0,3.0,19.5
2014-09-04 09:00:00-07:00,332.0,387.5,2.0,22.5
2014-09-04 10:00:00-07:00,519.3000000000001,679.2,8.0,25.5
2014-09-04 11:00:00-07:00,633.6,716.0,8.0,27.5
2014-09-04 12:00:00-07:00,627.2,459.5,8.0,28.5
2014-09-04 13:00:00-07:00,566.3,278.1,7.0,30.5
2014-09-04 14:00:00-07:00,622.4000000000001,368.0,8.0,31.5
2014-09-04 15:00:00-07:00,485.79999999999995,179.79999999999995,4.0,31.5
2014-09-04 16:00:00-07:00,450.40000000000003,428.0,8.0,31.5
2014-09-04 17:00:00-07:00,357.3,701.1,8.0,28.5
2014-09-04 18:00:00-07:00,192.6,507.20000000000005,8.0,26.5
2014-09-04 19:00:00-07:00,46.0,0.0,8.0,23.5
2014-09-04 20:00:00-07:00,0.0,0.0,8.0,22.5
2014-09-04 21:00:00-07:00,0.0,0.0,6.0,21.5
2014-09-04 22:00:00-07:00,0.0,0.0,6.0,20.5
2014-09-04 23:00:00-07:00,0.0,0.0,9.0,19.5
2014-09-05 00:00:00-07:00,0.0,0.0,9.0,18.5
2014-09-05 01:00:00-07:00,0.0,0.0,9.0,18.5
2014-09-05 02:00:00-07:00,0.0,0.0,6.0,17.5
2014-09-05 03:00:00-07:00,0.0,0.0,8.0,17.5
2014-09-05 04:00:00-07:00,0.0,0.0,3.0,17.5
2014-09-05 05:00:00-07:00,0.0,0.0,8.0,16.5
2014-09-05 06:00:00-07:00,0.0,0.0,6.0,15.5
2014-09-05 07:00:00-07:00,34.3,0.0,7.0,16.5
2014-09-05 08:00:00-07:00,146.29999999999998,179.20000000000002,8.0,17.5
2014-09-05 09:00:00-07:00,310.40000000000003,373.8,8.0,19.5
2014-09-05 10:00:00-07:00,221.20000000000002,0.0,8.0,21.5
2014-09-05 11:00:00-07:00,548.0,406.0,8.0,23.5
2014-09-05 12:00:00-07:00,462.0,85.89999999999998,4.0,26.5
2014-09-05 13:00:00-07:00,239.70000000000005,0.0,4.0,27.5
2014-09-05 14:00:00-07:00,157.19999999999996,0.0,4.0,28.5
2014-09-05 15:00:00-07:00,560.0,366.0,8.0,27.5
2014-09-05 16:00:00-07:00,396.2,348.0,8.0,26.5
2014-09-05 17:00:00-07:00,158.8,0.0,6.0,26.5
2014-09-05 18:00:00-07:00,42.19999999999999,0.0,6.0,24.5
2014-09-05 19:00:00-07:00,42.0,0.0,3.0,25.5
2014-09-05 20:00:00-07:00,0.0,0.0,0.0,24.5
2014-09-05 21:00:00-07:00,0.0,0.0,0.0,23.5
2014-09-05 22:00:00-07:00,0.0,0.0,0.0,23.5
2014-09-05 23:00:00-07:00,0.0,0.0,0.0,22.5
2014-09-06 00:00:00-07:00,0.0,0.0,0.0,21.5
2014-09-06 01:00:00-07:00,0.0,0.0,0.0,19.5
2014-09-06 02:00:00-07:00,0.0,0.0,0.0,18.5
2014-09-06 03:00:00-07:00,0.0,0.0,0.0,17.5
2014-09-06 04:00:00-07:00,0.0,0.0,0.0,17.5
2014-09-06 05:00:00-07:00,0.0,0.0,0.0,16.5
2014-09-06 06:00:00-07:00,0.0,0.0,0.0,16.5
2014-09-06 07:00:00-07:00,60.0,345.0,0.0,18.5
2014-09-06 08:00:00-07:00,139.79999999999998,64.79999999999998,4.0,20.5
2014-09-06 09:00:00-07:00,291.2,236.70000000000005,3.0,23.5
2014-09-06 10:00:00-07:00,580.0,864.0,1.0,25.5
2014-09-06 11:00:00-07:00,567.2,366.8,3.0,27.5
2014-09-06 12:00:00-07:00,788.0,939.0,0.0,28.5
2014-09-06 13:00:00-07:00,812.0,945.0,0.0,29.5
2014-09-06 14:00:00-07:00,778.0,930.0,0.0,30.5
2014-09-06 15:00:00-07:00,692.0,908.0,1.0,30.5
2014-09-06 16:00:00-07:00,447.20000000000005,519.0,8.0,29.5
2014-09-06 17:00:00-07:00,312.8,472.79999999999995,2.0,28.5
2014-09-06 18:00:00-07:00,82.4,0.0,3.0,25.5
2014-09-06 19:00:00-07:00,31.200000000000003,172.79999999999998,0.0,23.5
2014-09-06 20:00:00-07:00,0.0,0.0,0.0,23.5
2014-09-06 21:00:00-07:00,0.0,0.0,0.0,22.5
2014-09-06 22:00:00-07:00,0.0,0.0,0.0,22.5
2014-09-06 23:00:00-07:00,0.0,0.0,0.0,22.5
2014-09-07 00:00:00-07:00,0.0,0.0,3.0,21.5
2014-09-07 01:00:00-07:00,0.0,0.0,3.0,19.5
2014-09-07 02:00:00-07:00,0.0,0.0,3.0,18.5
2014-09-07 03:00:00-07:00,0.0,0.0,4.0,17.5
2014-09-07 04:00:00-07:00,0.0,0.0,4.0,16.5
2014-09-07 05:00:00-07:00,0.0,0.0,4.0,16.5
2014-09-07 06:00:00-07:00,0.0,0.0,4.0,16.5
2014-09-07 07:00:00-07:00,30.0,0.0,7.0,16.5
2014-09-07 08:00:00-07:00,171.20000000000002,260.5,7.0,18.5
2014-09-07 09:00:00-07:00,117.60000000000002,0.0,4.0,21.5
2014-09-07 10:00:00-07:00,387.09999999999997,228.00000000000003,4.0,24.5
2014-09-07 11:00:00-07:00,545.6,415.0,7.0,25.5
2014-09-07 12:00:00-07:00,683.1,596.4,7.0,26.5
2014-09-07 13:00:00-07:00,702.9,597.0999999999999,8.0,27.5
2014-09-07 14:00:00-07:00,670.5,496.79999999999995,3.0,27.5
2014-09-07 15:00:00-07:00,591.3000000000001,555.0999999999999,8.0,28.5
2014-09-07 16:00:00-07:00,470.7,511.7,8.0,28.5
2014-09-07 17:00:00-07:00,320.40000000000003,559.8000000000001,8.0,28.5
2014-09-07 18:00:00-07:00,159.3,347.20000000000005,8.0,26.5
2014-09-07 19:00:00-07:00,26.0,0.0,8.0,23.5
